{"assets/db/data.json":["assets/db/data.json"],"assets/db/second_stage_questions.json":["assets/db/second_stage_questions.json"],"assets/db/third_stage.json":["assets/db/third_stage.json"],"assets/fonts/founders_grotesk/FoundersGrotesk-Regular.ttf":["assets/fonts/founders_grotesk/FoundersGrotesk-Regular.ttf"],"assets/icons/approved_mark.png":["assets/icons/approved_mark.png"],"assets/icons/approved_mark_monochrome.png":["assets/icons/approved_mark_monochrome.png"],"assets/icons/automotive.png":["assets/icons/automotive.png"],"assets/icons/bussiness.png":["assets/icons/bussiness.png"],"assets/icons/car-battery.png":["assets/icons/car-battery.png"],"assets/icons/construction.png":["assets/icons/construction.png"],"assets/icons/health_care.png":["assets/icons/health_care.png"],"assets/icons/household_waste.png":["assets/icons/household_waste.png"],"assets/icons/others.png":["assets/icons/others.png"],"assets/icons/pills.png":["assets/icons/pills.png"],"assets/icons/question_mark.png":["assets/icons/question_mark.png"],"assets/icons/question_mark_monochrome.png":["assets/icons/question_mark_monochrome.png"],"assets/icons/red_exclemation_mark.png":["assets/icons/red_exclemation_mark.png"],"assets/icons/red_exclemation_mark_monochrome.png":["assets/icons/red_exclemation_mark_monochrome.png"],"assets/icons/residents.png":["assets/icons/residents.png"],"assets/images/am_logo.png":["assets/images/am_logo.png"],"assets/images/logo.png":["assets/images/logo.png"],"assets/images/logo_monochrome.png":["assets/images/logo_monochrome.png"],"assets/images/logo_monochrome_old_2.png":["assets/images/logo_monochrome_old_2.png"],"assets/images/logo_old.png":["assets/images/logo_old.png"],"assets/images/logo_old2.png":["assets/images/logo_old2.png"],"assets/images/logo_old_2.png":["assets/images/logo_old_2.png"],"assets/images/norway_logo.png":["assets/images/norway_logo.png"],"assets/images/symbols/AcuteToxicity.gif":["assets/images/symbols/AcuteToxicity.gif"],"assets/images/symbols/AcuteToxicity_monochrome.gif":["assets/images/symbols/AcuteToxicity_monochrome.gif"],"assets/images/symbols/C.gif":["assets/images/symbols/C.gif"],"assets/images/symbols/C_monochrome.gif":["assets/images/symbols/C_monochrome.gif"],"assets/images/symbols/Class9.jpg":["assets/images/symbols/Class9.jpg"],"assets/images/symbols/CorrosiveTransport.jpg":["assets/images/symbols/CorrosiveTransport.jpg"],"assets/images/symbols/Corrosives.gif":["assets/images/symbols/Corrosives.gif"],"assets/images/symbols/Corrosives_monochrome.gif":["assets/images/symbols/Corrosives_monochrome.gif"],"assets/images/symbols/DangerousWhenWet.gif":["assets/images/symbols/DangerousWhenWet.gif"],"assets/images/symbols/E.gif":["assets/images/symbols/E.gif"],"assets/images/symbols/E_monochrome.gif":["assets/images/symbols/E_monochrome.gif"],"assets/images/symbols/EnvironmentalToxicity.gif":["assets/images/symbols/EnvironmentalToxicity.gif"],"assets/images/symbols/EnvironmentalToxicity_monochrome.gif":["assets/images/symbols/EnvironmentalToxicity_monochrome.gif"],"assets/images/symbols/ExclamationMark.gif":["assets/images/symbols/ExclamationMark.gif"],"assets/images/symbols/ExclamationMark_monochrome.gif":["assets/images/symbols/ExclamationMark_monochrome.gif"],"assets/images/symbols/Explosive1-1.gif":["assets/images/symbols/Explosive1-1.gif"],"assets/images/symbols/Explosive1-2.gif":["assets/images/symbols/Explosive1-2.gif"],"assets/images/symbols/Explosive1-3.gif":["assets/images/symbols/Explosive1-3.gif"],"assets/images/symbols/Explosive1-4.gif":["assets/images/symbols/Explosive1-4.gif"],"assets/images/symbols/Explosive1-5.gif":["assets/images/symbols/Explosive1-5.gif"],"assets/images/symbols/Explosive1-6.gif":["assets/images/symbols/Explosive1-6.gif"],"assets/images/symbols/Explosives.gif":["assets/images/symbols/Explosives.gif"],"assets/images/symbols/Explosives_monochrome.gif":["assets/images/symbols/Explosives_monochrome.gif"],"assets/images/symbols/F.gif":["assets/images/symbols/F.gif"],"assets/images/symbols/F_monochrome.gif":["assets/images/symbols/F_monochrome.gif"],"assets/images/symbols/FlammableAerosolsGases.gif":["assets/images/symbols/FlammableAerosolsGases.gif"],"assets/images/symbols/FlammableLiquids.gif":["assets/images/symbols/FlammableLiquids.gif"],"assets/images/symbols/FlammableSolids.gif":["assets/images/symbols/FlammableSolids.gif"],"assets/images/symbols/Flammables.gif":["assets/images/symbols/Flammables.gif"],"assets/images/symbols/Flammables_monochrome.gif":["assets/images/symbols/Flammables_monochrome.gif"],"assets/images/symbols/GasesUnderPressure.gif":["assets/images/symbols/GasesUnderPressure.gif"],"assets/images/symbols/GasesUnderPressure_monochrome.gif":["assets/images/symbols/GasesUnderPressure_monochrome.gif"],"assets/images/symbols/HealthHazard.gif":["assets/images/symbols/HealthHazard.gif"],"assets/images/symbols/HealthHazard_monochrome.gif":["assets/images/symbols/HealthHazard_monochrome.gif"],"assets/images/symbols/InfectiousSubstance.jpg":["assets/images/symbols/InfectiousSubstance.jpg"],"assets/images/symbols/N.gif":["assets/images/symbols/N.gif"],"assets/images/symbols/N_monochrome.gif":["assets/images/symbols/N_monochrome.gif"],"assets/images/symbols/Non-FlammableGas.jpg":["assets/images/symbols/Non-FlammableGas.jpg"],"assets/images/symbols/O.gif":["assets/images/symbols/O.gif"],"assets/images/symbols/O_monochrome.gif":["assets/images/symbols/O_monochrome.gif"],"assets/images/symbols/OrganicPeroxides.jpg":["assets/images/symbols/OrganicPeroxides.jpg"],"assets/images/symbols/OxidizerTransport.jpg":["assets/images/symbols/OxidizerTransport.jpg"],"assets/images/symbols/Oxidizers.gif":["assets/images/symbols/Oxidizers.gif"],"assets/images/symbols/Oxidizers_monochrome.gif":["assets/images/symbols/Oxidizers_monochrome.gif"],"assets/images/symbols/Poison.jpg":["assets/images/symbols/Poison.jpg"],"assets/images/symbols/PoisonGas.jpg":["assets/images/symbols/PoisonGas.jpg"],"assets/images/symbols/PoisonInhalationHazard.jpg":["assets/images/symbols/PoisonInhalationHazard.jpg"],"assets/images/symbols/Radioactive_1.jpg":["assets/images/symbols/Radioactive_1.jpg"],"assets/images/symbols/Radioactive_2.jpg":["assets/images/symbols/Radioactive_2.jpg"],"assets/images/symbols/Radioactive_3.jpg":["assets/images/symbols/Radioactive_3.jpg"],"assets/images/symbols/Radioactive_4.jpg":["assets/images/symbols/Radioactive_4.jpg"],"assets/images/symbols/SpontaneouslyCombustible.jpg":["assets/images/symbols/SpontaneouslyCombustible.jpg"],"assets/images/symbols/T.gif":["assets/images/symbols/T.gif"],"assets/images/symbols/T_monochrome.gif":["assets/images/symbols/T_monochrome.gif"],"assets/images/symbols/X.gif":["assets/images/symbols/X.gif"],"assets/images/symbols/X_monochrome.gif":["assets/images/symbols/X_monochrome.gif"],"assets/images/waste_sorting.png":["assets/images/waste_sorting.png"],"assets/images/waste_sorting_monochrome.png":["assets/images/waste_sorting_monochrome.png"],"assets/lang/en.json":["assets/lang/en.json"],"assets/lang/lt.json":["assets/lang/lt.json"],"packages/cupertino_icons/assets/CupertinoIcons.ttf":["packages/cupertino_icons/assets/CupertinoIcons.ttf"],"packages/easy_localization/i18n/ar-DZ.json":["packages/easy_localization/i18n/ar-DZ.json"],"packages/easy_localization/i18n/ar.json":["packages/easy_localization/i18n/ar.json"],"packages/easy_localization/i18n/en-US.json":["packages/easy_localization/i18n/en-US.json"],"packages/easy_localization/i18n/en.json":["packages/easy_localization/i18n/en.json"],"packages/font_awesome_flutter/lib/fonts/fa-brands-400.ttf":["packages/font_awesome_flutter/lib/fonts/fa-brands-400.ttf"],"packages/font_awesome_flutter/lib/fonts/fa-regular-400.ttf":["packages/font_awesome_flutter/lib/fonts/fa-regular-400.ttf"],"packages/font_awesome_flutter/lib/fonts/fa-solid-900.ttf":["packages/font_awesome_flutter/lib/fonts/fa-solid-900.ttf"]}