{"assets/db/data.json":["assets/db/data.json"],"assets/db/second_stage_questions.json":["assets/db/second_stage_questions.json"],"assets/db/third_stage.json":["assets/db/third_stage.json"],"assets/fonts/founders_grotesk/FoundersGrotesk-Regular.ttf":["assets/fonts/founders_grotesk/FoundersGrotesk-Regular.ttf"],"assets/icons/approved_mark.png":["assets/icons/approved_mark.png"],"assets/icons/automotive.png":["assets/icons/automotive.png"],"assets/icons/bussiness.png":["assets/icons/bussiness.png"],"assets/icons/construction.png":["assets/icons/construction.png"],"assets/icons/health_care.png":["assets/icons/health_care.png"],"assets/icons/household_waste.png":["assets/icons/household_waste.png"],"assets/icons/others.png":["assets/icons/others.png"],"assets/icons/pills.png":["assets/icons/pills.png"],"assets/icons/question_mark.png":["assets/icons/question_mark.png"],"assets/icons/red_exclemation_mark.png":["assets/icons/red_exclemation_mark.png"],"assets/icons/residents.png":["assets/icons/residents.png"],"assets/images/logo.png":["assets/images/logo.png"],"assets/images/logo_old.png":["assets/images/logo_old.png"],"assets/images/waste_sorting.png":["assets/images/waste_sorting.png"],"assets/lang/en.json":["assets/lang/en.json"],"assets/lang/lt.json":["assets/lang/lt.json"],"packages/cupertino_icons/assets/CupertinoIcons.ttf":["packages/cupertino_icons/assets/CupertinoIcons.ttf"],"packages/easy_localization/i18n/ar-DZ.json":["packages/easy_localization/i18n/ar-DZ.json"],"packages/easy_localization/i18n/ar.json":["packages/easy_localization/i18n/ar.json"],"packages/easy_localization/i18n/en-US.json":["packages/easy_localization/i18n/en-US.json"],"packages/easy_localization/i18n/en.json":["packages/easy_localization/i18n/en.json"],"packages/font_awesome_flutter/lib/fonts/fa-brands-400.ttf":["packages/font_awesome_flutter/lib/fonts/fa-brands-400.ttf"],"packages/font_awesome_flutter/lib/fonts/fa-regular-400.ttf":["packages/font_awesome_flutter/lib/fonts/fa-regular-400.ttf"],"packages/font_awesome_flutter/lib/fonts/fa-solid-900.ttf":["packages/font_awesome_flutter/lib/fonts/fa-solid-900.ttf"]}